case_id,arm,language,failure_mode_tag,result,rule_stage,rule,secondary,stage,override_reason
Q-EVAL-001,A,en,tiny_doc_single_chunk,false_refusal,refusal,gate: top-1 score 0.6779 < threshold 0.686,,refusal,
Q-EVAL-010,A,vi,specific_heading,partially_correct,generation,partially_correct: expected section and evidence in context,language,generation,
Q-EVAL-012,A,vi,tiny_doc_single_chunk,partially_correct,generation,partially_correct: expected section and evidence in context,language,generation,
Q-EVAL-016,A,vi,fixed_size_code_split,false_refusal,refusal,gate: top-1 score 0.6269 < threshold 0.686,,refusal,
Q-EVAL-017,A,en,repeated_version_sections,partially_correct,generation,partially_correct: expected section and evidence in context,,generation,
Q-EVAL-018,A,vi,fixed_size_code_split,false_refusal,refusal,gate: top-1 score 0.6753 < threshold 0.686,,refusal,
Q-EVAL-021,A,en,link_list_noise,partially_correct,generation,partially_correct: expected section and evidence in context,,generation,
Q-EVAL-022,A,vi,near_duplicate_topk,false_refusal,retrieval_miss,section_hit@5 = 0 (slot fraction 0.5),,retrieval_miss,
Q-EVAL-030,A,vi,none,partially_correct,retrieval_miss,section_hit@5 = 0 (slot fraction 0.5),,retrieval_miss,
Q-EVAL-010,B,vi,specific_heading,partially_correct,generation,partially_correct: expected section and evidence in context,language,generation,
Q-EVAL-016,B,vi,fixed_size_code_split,false_refusal,refusal,gate: top-1 score 0.6246 < threshold 0.686,chunking,refusal,
Q-EVAL-017,B,en,repeated_version_sections,partially_correct,generation,partially_correct: expected section and evidence in context,,generation,
Q-EVAL-018,B,vi,fixed_size_code_split,false_refusal,refusal,gate: top-1 score 0.6483 < threshold 0.686,chunking,refusal,
Q-EVAL-020,B,vi,near_duplicate_topk,partially_correct,generation,partially_correct: expected section and evidence in context,,generation,
Q-EVAL-021,B,en,link_list_noise,partially_correct,generation,partially_correct: expected section and evidence in context,,generation,
Q-EVAL-027,B,en,large_doc_outranks_small,partially_correct,chunking,section hit but evidence_hit@5 = 0 (no required-point quote whole in one chunk),,chunking,
Q-EVAL-030,B,vi,none,partially_correct,retrieval_miss,section_hit@5 = 0 (slot fraction 0.5),,retrieval_miss,
Q-EVAL-031,B,en,none,correct,retrieval_miss,section_hit@5 = 0 (slot fraction 0.5),,retrieval_miss,
