case_id,language,size_class,difficulty,failure_mode_tag,a_section_hit@5,b_section_hit@5,a_first_hit_rank,b_first_hit_rank,a_result,b_result
Q-EVAL-001,en,tiny,easy,tiny_doc_single_chunk,1,1,1,1,false_refusal,correct
Q-EVAL-002,vi,tiny,easy,tiny_doc_single_chunk,1,1,1,1,correct,unlabelled
Q-EVAL-003,en,huge,hard,mixed_version,1,1,1,1,correct,correct
Q-EVAL-004,vi,huge,hard,mixed_version,1,1,1,1,correct,correct
Q-EVAL-005,en,medium,medium,fixed_size_code_split,1,1,1,1,correct,correct
Q-EVAL-006,vi,medium,medium,fixed_size_code_split,1,1,1,1,correct,correct
Q-EVAL-007,en,huge,medium,repeated_version_sections,1,1,1,1,correct,correct
Q-EVAL-008,vi,huge,medium,repeated_version_sections,1,1,1,1,correct,correct
Q-EVAL-009,en,medium,easy,specific_heading,1,1,1,1,correct,correct
Q-EVAL-010,vi,medium,easy,specific_heading,1,1,1,1,partially_correct,partially_correct
Q-EVAL-011,en,tiny,medium,tiny_doc_single_chunk,1,1,1,1,correct,correct
Q-EVAL-012,vi,tiny,medium,tiny_doc_single_chunk,1,1,1,1,partially_correct,correct
Q-EVAL-013,en,medium,hard,specific_heading,1,1,1,1,correct,correct
Q-EVAL-014,vi,medium,hard,specific_heading,1,1,1,1,correct,correct
Q-EVAL-015,en,medium,medium,specific_heading,1,1,1,2,correct,correct
Q-EVAL-016,vi,medium,easy,fixed_size_code_split,1,1,1,1,false_refusal,false_refusal
Q-EVAL-017,en,medium,hard,repeated_version_sections,1,1,1,1,partially_correct,partially_correct
Q-EVAL-018,vi,medium,hard,fixed_size_code_split,1,1,1,1,false_refusal,false_refusal
Q-EVAL-019,en,medium,medium,link_list_noise,1,1,1,1,correct,correct
Q-EVAL-020,vi,medium,hard,near_duplicate_topk,1,1,1,1,correct,partially_correct
Q-EVAL-021,en,medium,easy,link_list_noise,1,1,1,1,partially_correct,partially_correct
Q-EVAL-022,vi,huge,hard,near_duplicate_topk,0,1,1,1,false_refusal,correct
Q-EVAL-023,en,huge,hard,mixed_version,1,1,1,1,correct,correct
Q-EVAL-024,vi,huge,medium,near_duplicate_topk,1,1,1,1,correct,correct
Q-EVAL-025,en,huge,medium,specific_heading,1,1,1,1,correct,correct
Q-EVAL-026,vi,medium,hard,none,1,1,1,1,correct,correct
Q-EVAL-027,en,medium,medium,large_doc_outranks_small,1,1,1,1,correct,partially_correct
Q-EVAL-028,vi,tiny,easy,tiny_doc_single_chunk,1,1,1,1,correct,correct
Q-EVAL-029,en,mixed,medium,large_doc_outranks_small,1,1,1,1,correct,correct
Q-EVAL-030,vi,medium,medium,none,0,0,1,1,partially_correct,partially_correct
Q-EVAL-031,en,medium,medium,none,1,0,1,1,correct,correct
Q-EVAL-032,vi,mixed,hard,none,1,1,1,1,correct,correct
Q-EVAL-033,en,none,medium,none,—,—,—,—,correct_refusal,correct_refusal
Q-EVAL-034,vi,none,medium,none,—,—,—,—,correct_refusal,correct_refusal
Q-EVAL-035,en,none,hard,link_list_noise,—,—,—,—,correct_refusal,correct_refusal
Q-EVAL-036,vi,none,medium,none,—,—,—,—,correct_refusal,correct_refusal
